{
"elastic" : {
 "host" : "127.0.0.1:9200",
 "use_ssl" : false,
 "index" : "nxapi",
 "number_of_shards" : "4",
 "number_of_replicas" : "0",
 "doctype" : "events",
 "default_ttl" : "7200",
 "max_size" : "1000",
 "version" : "5"
},
"syslogd": {
 "host" : "0.0.0.0",
 "port" : "51400"
},
"global_filters" : {
 "whitelisted" : "false"
},
"global_warning_rules" : {
 "rule_ip" : ["<=", 10 ],
 "global_rule_ip_ratio" : ["<", 5]
},
"global_success_rules" : {
 "global_rule_ip_ratio" : [">=", 10],
 "rule_ip" : [">=", 10]
},
"global_deny_rules" : {
 "global_rule_ip_ratio" : ["<", 2]
},
"naxsi" : {
 "rules_path" : "/etc/nginx/naxsi_core.rules",
 "template_path" : [ "tpl/"],
 "geoipdb_path" : "nx_datas/country2coords.txt"
},
"output" : {
 "colors" : "true",
 "verbosity" : "5"
}
}
